Id,Name,WorkshopId,BakerId,Price,Weight
100,Круассан,1,10,80,100
101,Круассан,1,10,80,100
102,Круассан,1,10,80,100
103,Круассан,1,10,80,100
104,Круассан,1,10,80,100
105,Круассан,1,10,80,100
106,Круассан,1,10,80,100
107,Круассан,1,10,80,100
108,Круассан,1,10,80,100
109,Круассан,1,10,80,100
110,Круассан,1,10,80,100
111,Круассан,1,10,80,100
200,Батон,2,20,40,400
201,Батон,2,20,40,400
202,Батон,2,20,40,400
203,Батон,2,20,40,400
204,Батон,2,20,40,400
205,Батон,2,20,40,400
206,Батон,2,20,40,400
207,Батон,2,20,40,400
208,Батон,2,20,40,400
209,Батон,2,20,40,400
210,Батон,2,20,40,400
